location,name,freq,weighting,n_factors,date,ret
usa,momentum,monthly,vw_cap,1,1926-04-30,-0.00932504384272321
usa,momentum,monthly,vw_cap,1,1926-05-31,0.0184112174078378
usa,momentum,monthly,vw_cap,2,1926-06-30,-0.0354253942282815
usa,momentum,monthly,vw_cap,3,1926-07-31,-0.012577094403215
usa,momentum,monthly,vw_cap,3,1926-08-31,0.018323588985855
usa,momentum,monthly,vw_cap,3,1926-09-30,0.0295210084120065
usa,momentum,monthly,vw_cap,4,1926-10-31,0.0155388405106078
usa,momentum,monthly,vw_cap,4,1926-11-30,0.0102984930283274
usa,momentum,monthly,vw_cap,4,1926-12-31,-0.00973844396154794
usa,momentum,monthly,vw_cap,6,1927-01-31,0.0116160017695902
usa,momentum,monthly,vw_cap,6,1927-02-28,-0.00210519413483067
usa,momentum,monthly,vw_cap,6,1927-03-31,0.0340232421963277
usa,momentum,monthly,vw_cap,6,1927-04-30,0.0275674451329887
usa,momentum,monthly,vw_cap,6,1927-05-31,0.0369401546261898
usa,momentum,monthly,vw_cap,6,1927-06-30,0.0162100775498
usa,momentum,monthly,vw_cap,6,1927-07-31,0.0175526059785543
usa,momentum,monthly,vw_cap,6,1927-08-31,-0.00464006033450828
usa,momentum,monthly,vw_cap,6,1927-09-30,0.0287899681478992
usa,momentum,monthly,vw_cap,6,1927-10-31,0.000732778782839591
usa,momentum,monthly,vw_cap,6,1927-11-30,0.00429158907099751
usa,momentum,monthly,vw_cap,6,1927-12-31,0.0137025934640716
usa,momentum,monthly,vw_cap,6,1928-01-31,0.0120232313544508
usa,momentum,monthly,vw_cap,6,1928-02-29,-0.0060079988606014
usa,momentum,monthly,vw_cap,6,1928-03-31,0.0303010114528628
usa,momentum,monthly,vw_cap,6,1928-04-30,-0.0103851573310158
usa,momentum,monthly,vw_cap,6,1928-05-31,0.0272486074503248
usa,momentum,monthly,vw_cap,6,1928-06-30,0.00152208250879442
usa,momentum,monthly,vw_cap,6,1928-07-31,0.0143409158530721
usa,momentum,monthly,vw_cap,6,1928-08-31,0.0406092326965401
usa,momentum,monthly,vw_cap,6,1928-09-30,0.0221841219611572
usa,momentum,monthly,vw_cap,6,1928-10-31,0.0387810489022446
usa,momentum,monthly,vw_cap,6,1928-11-30,0.0486629360416187
usa,momentum,monthly,vw_cap,6,1928-12-31,0.0268818721854745
usa,momentum,monthly,vw_cap,6,1929-01-31,0.0269071939017951
usa,momentum,monthly,vw_cap,6,1929-02-28,0.0195617672997107
usa,momentum,monthly,vw_cap,6,1929-03-31,-0.017388436452296
usa,momentum,monthly,vw_cap,6,1929-04-30,0.0233843662069006
usa,momentum,monthly,vw_cap,6,1929-05-31,0.0102434245790979
usa,momentum,monthly,vw_cap,6,1929-06-30,0.060406379279351
usa,momentum,monthly,vw_cap,6,1929-07-31,0.0353725470386516
usa,momentum,monthly,vw_cap,6,1929-08-31,0.0618258615782767
usa,momentum,monthly,vw_cap,6,1929-09-30,0.0212867747799376
usa,momentum,monthly,vw_cap,6,1929-10-31,0.0185009485419428
usa,momentum,monthly,vw_cap,6,1929-11-30,0.0102182533078059
usa,momentum,monthly,vw_cap,6,1929-12-31,0.0121414581545547
usa,momentum,monthly,vw_cap,6,1930-01-31,-0.0550649880429101
usa,momentum,monthly,vw_cap,6,1930-02-28,-0.0103733445460661
usa,momentum,monthly,vw_cap,6,1930-03-31,-0.0266763823686294
usa,momentum,monthly,vw_cap,6,1930-04-30,0.0240680136818577
usa,momentum,monthly,vw_cap,6,1930-05-31,-0.000941664327295654
usa,momentum,monthly,vw_cap,6,1930-06-30,0.0367420019698205
usa,momentum,monthly,vw_cap,6,1930-07-31,-0.017378605257102
usa,momentum,monthly,vw_cap,6,1930-08-31,0.0317368039279408
usa,momentum,monthly,vw_cap,6,1930-09-30,0.0711280305622471
usa,momentum,monthly,vw_cap,6,1930-10-31,0.0530884804650457
usa,momentum,monthly,vw_cap,6,1930-11-30,-0.00602044132026778
usa,momentum,monthly,vw_cap,6,1930-12-31,0.094724937658465
usa,momentum,monthly,vw_cap,6,1931-01-31,-0.084809263957333
usa,momentum,monthly,vw_cap,6,1931-02-28,-0.125972891817664
usa,momentum,monthly,vw_cap,6,1931-03-31,0.0840738231449691
usa,momentum,monthly,vw_cap,6,1931-04-30,0.057990498750259
usa,momentum,monthly,vw_cap,6,1931-05-31,0.0514676277860042
usa,momentum,monthly,vw_cap,6,1931-06-30,-0.153366140918267
usa,momentum,monthly,vw_cap,6,1931-07-31,0.0830583537906972
usa,momentum,monthly,vw_cap,6,1931-08-31,0.0000884744638409652
usa,momentum,monthly,vw_cap,6,1931-09-30,0.0520786903124596
usa,momentum,monthly,vw_cap,6,1931-10-31,0.00934026294634061
usa,momentum,monthly,vw_cap,6,1931-11-30,0.0750761868863374
usa,momentum,monthly,vw_cap,6,1931-12-31,0.124828878117268
usa,momentum,monthly,vw_cap,6,1932-01-31,-0.104619586697209
usa,momentum,monthly,vw_cap,6,1932-02-29,0.00189169836518154
usa,momentum,monthly,vw_cap,6,1932-03-31,0.0992403561863588
usa,momentum,monthly,vw_cap,6,1932-04-30,0.0525443882300097
usa,momentum,monthly,vw_cap,6,1932-05-31,0.142566843345128
usa,momentum,monthly,vw_cap,6,1932-06-30,-0.0120669099716015
usa,momentum,monthly,vw_cap,6,1932-07-31,-0.396250531085333
usa,momentum,monthly,vw_cap,6,1932-08-31,-0.487022989178148
usa,momentum,monthly,vw_cap,6,1932-09-30,-0.00682364363122818
usa,momentum,monthly,vw_cap,6,1932-10-31,-0.0412902345004284
usa,momentum,monthly,vw_cap,6,1932-11-30,-0.0268721208505019
usa,momentum,monthly,vw_cap,6,1932-12-31,0.0373391826374904
usa,momentum,monthly,vw_cap,6,1933-01-31,-0.0100109611023563
usa,momentum,monthly,vw_cap,6,1933-02-28,0.0216138871329361
usa,momentum,monthly,vw_cap,6,1933-03-31,0.0119399395009484
usa,momentum,monthly,vw_cap,6,1933-04-30,-0.162469169014532
usa,momentum,monthly,vw_cap,6,1933-05-31,-0.100667259935634
usa,momentum,monthly,vw_cap,6,1933-06-30,-0.0106762581596384
usa,momentum,monthly,vw_cap,6,1933-07-31,-0.0123585427013578
usa,momentum,monthly,vw_cap,6,1933-08-31,0.0564483404263662
usa,momentum,monthly,vw_cap,6,1933-09-30,0.0163884422758868
usa,momentum,monthly,vw_cap,6,1933-10-31,-0.01569879641785
usa,momentum,monthly,vw_cap,6,1933-11-30,0.0203751816915669
usa,momentum,monthly,vw_cap,6,1933-12-31,0.0043920196558429
usa,momentum,monthly,vw_cap,6,1934-01-31,-0.120390696036015
usa,momentum,monthly,vw_cap,6,1934-02-28,0.00100070450968423
usa,momentum,monthly,vw_cap,6,1934-03-31,0.0169383658287607
usa,momentum,monthly,vw_cap,6,1934-04-30,-0.0293242698809268
usa,momentum,monthly,vw_cap,6,1934-05-31,0.000425786261707039
usa,momentum,monthly,vw_cap,6,1934-06-30,0.00973022566969741
usa,momentum,monthly,vw_cap,6,1934-07-31,0.098059526748827
usa,momentum,monthly,vw_cap,6,1934-08-31,-0.0260390091431738
usa,momentum,monthly,vw_cap,6,1934-09-30,-0.00414722193807337
usa,momentum,monthly,vw_cap,6,1934-10-31,0.041588493253282
usa,momentum,monthly,vw_cap,6,1934-11-30,-0.0130732071150544
usa,momentum,monthly,vw_cap,6,1934-12-31,0.0197315639973577
usa,momentum,monthly,vw_cap,6,1935-01-31,0.0399838292308862
usa,momentum,monthly,vw_cap,6,1935-02-28,0.0982835341264977
usa,momentum,monthly,vw_cap,6,1935-03-31,0.00229385846706617
usa,momentum,monthly,vw_cap,6,1935-04-30,-0.0497038725241698
usa,momentum,monthly,vw_cap,6,1935-05-31,-0.0317514537213405
usa,momentum,monthly,vw_cap,6,1935-06-30,-0.0162324563244571
usa,momentum,monthly,vw_cap,6,1935-07-31,-0.0299467507887853
usa,momentum,monthly,vw_cap,6,1935-08-31,-0.0256446957131709
usa,momentum,monthly,vw_cap,6,1935-09-30,0.0482750187125948
usa,momentum,monthly,vw_cap,6,1935-10-31,0.0315650609925911
usa,momentum,monthly,vw_cap,6,1935-11-30,-0.0209740910519908
usa,momentum,monthly,vw_cap,6,1935-12-31,0.0313549820288353
usa,momentum,monthly,vw_cap,6,1936-01-31,0.0399010214617704
usa,momentum,monthly,vw_cap,6,1936-02-29,0.0211278393197518
usa,momentum,monthly,vw_cap,6,1936-03-31,0.0144530487078041
usa,momentum,monthly,vw_cap,6,1936-04-30,-0.0557004649264089
usa,momentum,monthly,vw_cap,6,1936-05-31,0.0160422389758331
usa,momentum,monthly,vw_cap,6,1936-06-30,0.00507638616400763
usa,momentum,monthly,vw_cap,6,1936-07-31,0.022187953361949
usa,momentum,monthly,vw_cap,6,1936-08-31,0.00682387378756199
usa,momentum,monthly,vw_cap,6,1936-09-30,0.00505006217253756
usa,momentum,monthly,vw_cap,6,1936-10-31,0.00459931342440663
usa,momentum,monthly,vw_cap,6,1936-11-30,0.0065749534772058
usa,momentum,monthly,vw_cap,6,1936-12-31,0.00378596281123193
usa,momentum,monthly,vw_cap,6,1937-01-31,0.00415791884937907
usa,momentum,monthly,vw_cap,6,1937-02-28,0.0131211812610419
usa,momentum,monthly,vw_cap,6,1937-03-31,0.0427355684785182
usa,momentum,monthly,vw_cap,6,1937-04-30,-0.0368257097136302
usa,momentum,monthly,vw_cap,6,1937-05-31,0.00283029804838318
usa,momentum,monthly,vw_cap,6,1937-06-30,0.00322358613045503
usa,momentum,monthly,vw_cap,6,1937-07-31,-0.0304534726998217
usa,momentum,monthly,vw_cap,6,1937-08-31,0.00720996379099261
usa,momentum,monthly,vw_cap,6,1937-09-30,-0.0140506210213697
usa,momentum,monthly,vw_cap,6,1937-10-31,0.00247339397212219
usa,momentum,monthly,vw_cap,6,1937-11-30,-0.00076977808925238
usa,momentum,monthly,vw_cap,6,1937-12-31,0.0572989914307798
usa,momentum,monthly,vw_cap,6,1938-01-31,-0.0191315823642496
usa,momentum,monthly,vw_cap,6,1938-02-28,-0.0351990460575384
usa,momentum,monthly,vw_cap,6,1938-03-31,0.143346443778136
usa,momentum,monthly,vw_cap,6,1938-04-30,-0.0631005633572419
usa,momentum,monthly,vw_cap,6,1938-05-31,0.064062998412
usa,momentum,monthly,vw_cap,6,1938-06-30,-0.240160732377565
usa,momentum,monthly,vw_cap,6,1938-07-31,-0.0478733453807554
usa,momentum,monthly,vw_cap,6,1938-08-31,0.0378312928988662
usa,momentum,monthly,vw_cap,6,1938-09-30,0.00947782146843766
usa,momentum,monthly,vw_cap,6,1938-10-31,-0.039351428560628
usa,momentum,monthly,vw_cap,6,1938-11-30,0.0116980282683378
usa,momentum,monthly,vw_cap,6,1938-12-31,0.0225380567989608
usa,momentum,monthly,vw_cap,6,1939-01-31,-0.0364842677779756
usa,momentum,monthly,vw_cap,6,1939-02-28,0.0182231778439087
usa,momentum,monthly,vw_cap,6,1939-03-31,-0.0271571083274981
usa,momentum,monthly,vw_cap,6,1939-04-30,0.00502230991659315
usa,momentum,monthly,vw_cap,6,1939-05-31,0.00037584814184706
usa,momentum,monthly,vw_cap,6,1939-06-30,0.0710424812397959
usa,momentum,monthly,vw_cap,6,1939-07-31,-0.0414300672051132
usa,momentum,monthly,vw_cap,6,1939-08-31,0.0512616050152222
usa,momentum,monthly,vw_cap,6,1939-09-30,-0.296879912691169
usa,momentum,monthly,vw_cap,6,1939-10-31,0.0102363862550108
usa,momentum,monthly,vw_cap,6,1939-11-30,-0.0335992884549667
usa,momentum,monthly,vw_cap,6,1939-12-31,0.0318041734501002
usa,momentum,monthly,vw_cap,6,1940-01-31,-0.00224453937535398
usa,momentum,monthly,vw_cap,6,1940-02-29,0.0206190502824349
usa,momentum,monthly,vw_cap,6,1940-03-31,0.0119499452457846
usa,momentum,monthly,vw_cap,6,1940-04-30,0.021901262888208
usa,momentum,monthly,vw_cap,6,1940-05-31,0.0156854224653568
usa,momentum,monthly,vw_cap,6,1940-06-30,-0.0204792325737621
usa,momentum,monthly,vw_cap,6,1940-07-31,-0.0104360530625748
usa,momentum,monthly,vw_cap,6,1940-08-31,-0.0282308989646305
usa,momentum,monthly,vw_cap,6,1940-09-30,-0.013426033598591
usa,momentum,monthly,vw_cap,6,1940-10-31,-0.0387033492246095
usa,momentum,monthly,vw_cap,6,1940-11-30,-0.0045870777129013
usa,momentum,monthly,vw_cap,6,1940-12-31,0.0126816858278806
usa,momentum,monthly,vw_cap,6,1941-01-31,-0.0396609835016603
usa,momentum,monthly,vw_cap,6,1941-02-28,0.00236161795063457
usa,momentum,monthly,vw_cap,6,1941-03-31,0.0134067866688797
usa,momentum,monthly,vw_cap,6,1941-04-30,0.0251903807270123
usa,momentum,monthly,vw_cap,6,1941-05-31,0.0108161452745781
usa,momentum,monthly,vw_cap,6,1941-06-30,-0.0157354448504541
usa,momentum,monthly,vw_cap,6,1941-07-31,0.0115894565792604
usa,momentum,monthly,vw_cap,6,1941-08-31,0.00541770620981245
usa,momentum,monthly,vw_cap,6,1941-09-30,-0.00382266145930452
usa,momentum,monthly,vw_cap,6,1941-10-31,0.0289268282085413
usa,momentum,monthly,vw_cap,6,1941-11-30,0.0279926410871947
usa,momentum,monthly,vw_cap,6,1941-12-31,-0.00955389874093196
usa,momentum,monthly,vw_cap,6,1942-01-31,-0.0650083412837299
usa,momentum,monthly,vw_cap,6,1942-02-28,0.00265391209578974
usa,momentum,monthly,vw_cap,6,1942-03-31,0.0073732481960832
usa,momentum,monthly,vw_cap,6,1942-04-30,-0.00890379403355474
usa,momentum,monthly,vw_cap,6,1942-05-31,-0.0470509660879403
usa,momentum,monthly,vw_cap,6,1942-06-30,-0.0126033616930748
usa,momentum,monthly,vw_cap,6,1942-07-31,0.0057091314329841
usa,momentum,monthly,vw_cap,6,1942-08-31,0.00193810141961206
usa,momentum,monthly,vw_cap,6,1942-09-30,0.00424649732236138
usa,momentum,monthly,vw_cap,6,1942-10-31,-0.00698342779510997
usa,momentum,monthly,vw_cap,6,1942-11-30,0.0058348364377418
usa,momentum,monthly,vw_cap,6,1942-12-31,0.018351202379564
usa,momentum,monthly,vw_cap,6,1943-01-31,-0.0295292714216471
usa,momentum,monthly,vw_cap,6,1943-02-28,-0.00427060199974835
usa,momentum,monthly,vw_cap,6,1943-03-31,0.0401508304463592
usa,momentum,monthly,vw_cap,6,1943-04-30,0.0470405807757202
usa,momentum,monthly,vw_cap,6,1943-05-31,0.0362640395520491
usa,momentum,monthly,vw_cap,6,1943-06-30,-0.00634706239931374
usa,momentum,monthly,vw_cap,6,1943-07-31,-0.0416767704120157
usa,momentum,monthly,vw_cap,6,1943-08-31,0.00730827952061614
usa,momentum,monthly,vw_cap,6,1943-09-30,0.00548778059677831
usa,momentum,monthly,vw_cap,6,1943-10-31,-0.00496561597820391
usa,momentum,monthly,vw_cap,6,1943-11-30,-0.00474553133940342
usa,momentum,monthly,vw_cap,6,1943-12-31,0.0100825701584989
usa,momentum,monthly,vw_cap,6,1944-01-31,-0.0159617090829884
usa,momentum,monthly,vw_cap,6,1944-02-29,-0.00751654034031126
usa,momentum,monthly,vw_cap,6,1944-03-31,0.0126262874767479
usa,momentum,monthly,vw_cap,6,1944-04-30,0.00701273522928113
usa,momentum,monthly,vw_cap,6,1944-05-31,0.0184660739218278
usa,momentum,monthly,vw_cap,6,1944-06-30,-0.0208921055251385
usa,momentum,monthly,vw_cap,6,1944-07-31,-0.0131475718268418
usa,momentum,monthly,vw_cap,6,1944-08-31,0.0274340280087262
usa,momentum,monthly,vw_cap,6,1944-09-30,-0.0098695141940274
usa,momentum,monthly,vw_cap,6,1944-10-31,-0.0114916762034449
usa,momentum,monthly,vw_cap,6,1944-11-30,-0.00112625951682931
usa,momentum,monthly,vw_cap,6,1944-12-31,0.0113271057867514
usa,momentum,monthly,vw_cap,6,1945-01-31,-0.0202960406628654
usa,momentum,monthly,vw_cap,6,1945-02-28,0.0168126500864073
usa,momentum,monthly,vw_cap,6,1945-03-31,-0.0225954235982543
usa,momentum,monthly,vw_cap,6,1945-04-30,0.0242353350468342
usa,momentum,monthly,vw_cap,6,1945-05-31,-0.00971003759226427
usa,momentum,monthly,vw_cap,6,1945-06-30,0.0200197941755771
usa,momentum,monthly,vw_cap,6,1945-07-31,-0.0182579299170568
usa,momentum,monthly,vw_cap,6,1945-08-31,-0.0192257116930911
usa,momentum,monthly,vw_cap,6,1945-09-30,0.00549576881642081
usa,momentum,monthly,vw_cap,6,1945-10-31,-0.0118956855518456
usa,momentum,monthly,vw_cap,6,1945-11-30,0.0161169194606899
usa,momentum,monthly,vw_cap,6,1945-12-31,0.0148952432548552
usa,momentum,monthly,vw_cap,6,1946-01-31,0.0175108601454774
usa,momentum,monthly,vw_cap,6,1946-02-28,-0.00767206209372811
usa,momentum,monthly,vw_cap,6,1946-03-31,0.0144388511448651
usa,momentum,monthly,vw_cap,6,1946-04-30,0.0323217271093299
usa,momentum,monthly,vw_cap,6,1946-05-31,-0.00397537227447153
usa,momentum,monthly,vw_cap,6,1946-06-30,-0.0181453039427185
usa,momentum,monthly,vw_cap,6,1946-07-31,0.00217482882581689
usa,momentum,monthly,vw_cap,6,1946-08-31,-0.00064369213706499
usa,momentum,monthly,vw_cap,6,1946-09-30,0.0273366758841388
usa,momentum,monthly,vw_cap,6,1946-10-31,0.0114489931762501
usa,momentum,monthly,vw_cap,6,1946-11-30,0.0184380248578418
usa,momentum,monthly,vw_cap,6,1946-12-31,0.00300176334481419
usa,momentum,monthly,vw_cap,6,1947-01-31,-0.0543283930865858
usa,momentum,monthly,vw_cap,6,1947-02-28,-0.0111336419845026
usa,momentum,monthly,vw_cap,6,1947-03-31,0.0206805842549089
usa,momentum,monthly,vw_cap,6,1947-04-30,0.030043457603064
usa,momentum,monthly,vw_cap,6,1947-05-31,0.0240326453718153
usa,momentum,monthly,vw_cap,6,1947-06-30,-0.00416269340864764
usa,momentum,monthly,vw_cap,6,1947-07-31,-0.0260599451605778
usa,momentum,monthly,vw_cap,6,1947-08-31,0.0193295527097026
usa,momentum,monthly,vw_cap,6,1947-09-30,0.00687451328273676
usa,momentum,monthly,vw_cap,6,1947-10-31,0.00633127020563597
usa,momentum,monthly,vw_cap,6,1947-11-30,0.0286475746383172
usa,momentum,monthly,vw_cap,6,1947-12-31,0.0298559148454425
usa,momentum,monthly,vw_cap,6,1948-01-31,-0.0440067952430639
usa,momentum,monthly,vw_cap,6,1948-02-29,0.00942594540164644
usa,momentum,monthly,vw_cap,6,1948-03-31,0.00593820584143527
usa,momentum,monthly,vw_cap,6,1948-04-30,0.0332462097786018
usa,momentum,monthly,vw_cap,6,1948-05-31,0.00161342941306204
usa,momentum,monthly,vw_cap,6,1948-06-30,0.0233532439363335
usa,momentum,monthly,vw_cap,6,1948-07-31,-0.0183701768033531
usa,momentum,monthly,vw_cap,6,1948-08-31,0.000652806249906025
usa,momentum,monthly,vw_cap,6,1948-09-30,0.000225742841051329
usa,momentum,monthly,vw_cap,6,1948-10-31,0.00647517526878837
usa,momentum,monthly,vw_cap,6,1948-11-30,0.0101678455725521
usa,momentum,monthly,vw_cap,6,1948-12-31,0.0159687505834448
usa,momentum,monthly,vw_cap,6,1949-01-31,-0.0190930404671176
usa,momentum,monthly,vw_cap,6,1949-02-28,0.00869029838739924
usa,momentum,monthly,vw_cap,6,1949-03-31,-0.0158870768182587
usa,momentum,monthly,vw_cap,6,1949-04-30,0.0337461416423949
usa,momentum,monthly,vw_cap,6,1949-05-31,0.02646598953405
usa,momentum,monthly,vw_cap,6,1949-06-30,-0.00187048117430657
usa,momentum,monthly,vw_cap,6,1949-07-31,-0.0213493642708905
usa,momentum,monthly,vw_cap,6,1949-08-31,-0.00298749880473749
usa,momentum,monthly,vw_cap,6,1949-09-30,-0.00582175335238437
usa,momentum,monthly,vw_cap,6,1949-10-31,0.002462283485159
usa,momentum,monthly,vw_cap,6,1949-11-30,0.019069684120753
usa,momentum,monthly,vw_cap,6,1949-12-31,-0.00532327954504389
usa,momentum,monthly,vw_cap,6,1950-01-31,-0.015695659120335
usa,momentum,monthly,vw_cap,6,1950-02-28,0.0158440762574051
usa,momentum,monthly,vw_cap,6,1950-03-31,0.00336149036237725
usa,momentum,monthly,vw_cap,6,1950-04-30,0.0114753642007296
usa,momentum,monthly,vw_cap,6,1950-05-31,0.00127884747708781
usa,momentum,monthly,vw_cap,6,1950-06-30,-0.0175726360576578
usa,momentum,monthly,vw_cap,6,1950-07-31,0.00879237428809304
usa,momentum,monthly,vw_cap,6,1950-08-31,0.00617756566431763
usa,momentum,monthly,vw_cap,6,1950-09-30,-0.0188127127579533
usa,momentum,monthly,vw_cap,6,1950-10-31,0.0116150484067737
usa,momentum,monthly,vw_cap,6,1950-11-30,0.0388026405433895
usa,momentum,monthly,vw_cap,6,1950-12-31,0.0402481797938605
usa,momentum,monthly,vw_cap,6,1951-01-31,-0.00303700779521841
usa,momentum,monthly,vw_cap,6,1951-02-28,-0.0232751647138435
usa,momentum,monthly,vw_cap,6,1951-03-31,-0.0290565298430767
usa,momentum,monthly,vw_cap,6,1951-04-30,0.0346181234581336
usa,momentum,monthly,vw_cap,6,1951-05-31,-0.00694510433850761
usa,momentum,monthly,vw_cap,6,1951-06-30,-0.00681045293281092
usa,momentum,monthly,vw_cap,6,1951-07-31,0.0426459749821478
usa,momentum,monthly,vw_cap,6,1951-08-31,-0.0128418468603129
usa,momentum,monthly,vw_cap,6,1951-09-30,0.00430164159843175
usa,momentum,monthly,vw_cap,6,1951-10-31,-0.00943641617875846
usa,momentum,monthly,vw_cap,6,1951-11-30,0.00144214615681085
usa,momentum,monthly,vw_cap,6,1951-12-31,0.00717128695740888
usa,momentum,monthly,vw_cap,6,1952-01-31,0.00939953851615021
usa,momentum,monthly,vw_cap,6,1952-02-29,-0.00298711411986741
usa,momentum,monthly,vw_cap,6,1952-03-31,0.0119785883130193
usa,momentum,monthly,vw_cap,6,1952-04-30,0.00180585897053956
usa,momentum,monthly,vw_cap,6,1952-05-31,0.00275999363844036
usa,momentum,monthly,vw_cap,6,1952-06-30,-0.000643139089888178
usa,momentum,monthly,vw_cap,6,1952-07-31,0.000958001063399214
usa,momentum,monthly,vw_cap,6,1952-08-31,0.00036306791651884
usa,momentum,monthly,vw_cap,6,1952-09-30,0.0176975218396148
usa,momentum,monthly,vw_cap,6,1952-10-31,0.0107859331167616
usa,momentum,monthly,vw_cap,6,1952-11-30,0.00549885268835296
usa,momentum,monthly,vw_cap,6,1952-12-31,-0.00114967934732167
usa,momentum,monthly,vw_cap,6,1953-01-31,0.0116618971680221
usa,momentum,monthly,vw_cap,6,1953-02-28,0.00537748071799301
usa,momentum,monthly,vw_cap,6,1953-03-31,-0.00944843267603821
usa,momentum,monthly,vw_cap,6,1953-04-30,0.0142177612503908
usa,momentum,monthly,vw_cap,8,1953-05-31,0.00666611981729861
usa,momentum,monthly,vw_cap,8,1953-06-30,0.000878119446580224
usa,momentum,monthly,vw_cap,8,1953-07-31,0.00101005236872357
usa,momentum,monthly,vw_cap,8,1953-08-31,0.00265413808680409
usa,momentum,monthly,vw_cap,8,1953-09-30,0.0111837825199919
usa,momentum,monthly,vw_cap,8,1953-10-31,-0.00278855314816237
usa,momentum,monthly,vw_cap,8,1953-11-30,0.0133234830708432
usa,momentum,monthly,vw_cap,8,1953-12-31,0.0385033997698921
usa,momentum,monthly,vw_cap,8,1954-01-31,-0.0359040383164
usa,momentum,monthly,vw_cap,8,1954-02-28,0.0148021133283912
usa,momentum,monthly,vw_cap,8,1954-03-31,0.0193914124326608
usa,momentum,monthly,vw_cap,8,1954-04-30,0.0316391311970588
usa,momentum,monthly,vw_cap,8,1954-05-31,-0.0139684009982286
usa,momentum,monthly,vw_cap,8,1954-06-30,0.0204459077515063
usa,momentum,monthly,vw_cap,8,1954-07-31,0.00488085859887321
usa,momentum,monthly,vw_cap,8,1954-08-31,-0.0107625920654834
usa,momentum,monthly,vw_cap,8,1954-09-30,0.00832966216709791
usa,momentum,monthly,vw_cap,8,1954-10-31,0.0123699425748153
usa,momentum,monthly,vw_cap,8,1954-11-30,0.0186834520655298
usa,momentum,monthly,vw_cap,8,1954-12-31,-0.00857212276918721
usa,momentum,monthly,vw_cap,8,1955-01-31,0.0107680663387623
usa,momentum,monthly,vw_cap,8,1955-02-28,0.0116047783032074
usa,momentum,monthly,vw_cap,8,1955-03-31,0.010711364757099
usa,momentum,monthly,vw_cap,8,1955-04-30,-0.00620378482961241
usa,momentum,monthly,vw_cap,8,1955-05-31,0.00394946142905297
usa,momentum,monthly,vw_cap,8,1955-06-30,0.0138732928050321
usa,momentum,monthly,vw_cap,8,1955-07-31,-0.00870455819401497
usa,momentum,monthly,vw_cap,8,1955-08-31,0.00361726934345487
usa,momentum,monthly,vw_cap,8,1955-09-30,0.00992374057333845
usa,momentum,monthly,vw_cap,8,1955-10-31,-0.00333368086055665
usa,momentum,monthly,vw_cap,8,1955-11-30,0.00280391528452361
usa,momentum,monthly,vw_cap,8,1955-12-31,-0.00653974040838751
usa,momentum,monthly,vw_cap,8,1956-01-31,-0.0117629281081033
usa,momentum,monthly,vw_cap,8,1956-02-29,0.0138533301138727
usa,momentum,monthly,vw_cap,8,1956-03-31,0.0311165708669126
usa,momentum,monthly,vw_cap,8,1956-04-30,0.0219220801586495
usa,momentum,monthly,vw_cap,8,1956-05-31,-0.0176528918400475
usa,momentum,monthly,vw_cap,8,1956-06-30,0.0238569437699198
usa,momentum,monthly,vw_cap,8,1956-07-31,0.0129592947874222
usa,momentum,monthly,vw_cap,8,1956-08-31,-0.0141351283751599
usa,momentum,monthly,vw_cap,8,1956-09-30,-0.017065957290894
usa,momentum,monthly,vw_cap,8,1956-10-31,0.016371289701438
usa,momentum,monthly,vw_cap,8,1956-11-30,0.0193314081229112
usa,momentum,monthly,vw_cap,8,1956-12-31,0.0225079091161047
usa,momentum,monthly,vw_cap,8,1957-01-31,-0.017328314718784
usa,momentum,monthly,vw_cap,8,1957-02-28,-0.00485093533126719
usa,momentum,monthly,vw_cap,8,1957-03-31,0.00364707375927914
usa,momentum,monthly,vw_cap,8,1957-04-30,0.00954336773804698
usa,momentum,monthly,vw_cap,8,1957-05-31,0.00388326243936626
usa,momentum,monthly,vw_cap,8,1957-06-30,-0.00276590315720221
usa,momentum,monthly,vw_cap,8,1957-07-31,0.00277940045734607
usa,momentum,monthly,vw_cap,8,1957-08-31,-0.0060656147767578
usa,momentum,monthly,vw_cap,8,1957-09-30,0.0121968685089495
usa,momentum,monthly,vw_cap,8,1957-10-31,0.025632161950145
usa,momentum,monthly,vw_cap,8,1957-11-30,0.0152102551429876
usa,momentum,monthly,vw_cap,8,1957-12-31,0.0744557157492428
usa,momentum,monthly,vw_cap,8,1958-01-31,-0.0511942806775559
usa,momentum,monthly,vw_cap,8,1958-02-28,0.0429907474813293
usa,momentum,monthly,vw_cap,8,1958-03-31,-0.00841188038352994
usa,momentum,monthly,vw_cap,8,1958-04-30,0.0146049419777413
usa,momentum,monthly,vw_cap,8,1958-05-31,-0.0133292760715292
usa,momentum,monthly,vw_cap,8,1958-06-30,-0.00826552836605934
usa,momentum,monthly,vw_cap,8,1958-07-31,-0.0453565718243968
usa,momentum,monthly,vw_cap,8,1958-08-31,-0.000525592517805309
usa,momentum,monthly,vw_cap,8,1958-09-30,0.00643827847897614
usa,momentum,monthly,vw_cap,8,1958-10-31,0.0183619052467181
usa,momentum,monthly,vw_cap,8,1958-11-30,0.00940824774480075
usa,momentum,monthly,vw_cap,8,1958-12-31,-0.00400787103483198
usa,momentum,monthly,vw_cap,8,1959-01-31,-0.009339180232325
usa,momentum,monthly,vw_cap,8,1959-02-28,0.0232549516488161
usa,momentum,monthly,vw_cap,8,1959-03-31,0.00471858955172523
usa,momentum,monthly,vw_cap,8,1959-04-30,0.035838382707365
usa,momentum,monthly,vw_cap,8,1959-05-31,0.00292881540436307
usa,momentum,monthly,vw_cap,8,1959-06-30,0.0200698384979526
usa,momentum,monthly,vw_cap,8,1959-07-31,-0.000908865771178807
usa,momentum,monthly,vw_cap,8,1959-08-31,-0.00292932847536365
usa,momentum,monthly,vw_cap,8,1959-09-30,0.00292025990438129
usa,momentum,monthly,vw_cap,8,1959-10-31,0.0232762989149252
usa,momentum,monthly,vw_cap,8,1959-11-30,0.0068705130565382
usa,momentum,monthly,vw_cap,8,1959-12-31,-0.0010525224803356
usa,momentum,monthly,vw_cap,8,1960-01-31,-0.0229133097409257
usa,momentum,monthly,vw_cap,8,1960-02-29,0.0237501963494823
usa,momentum,monthly,vw_cap,8,1960-03-31,0.00370378536506041
usa,momentum,monthly,vw_cap,8,1960-04-30,0.0220396504867875
usa,momentum,monthly,vw_cap,8,1960-05-31,0.0277053206669328
usa,momentum,monthly,vw_cap,8,1960-06-30,0.0137707703944342
usa,momentum,monthly,vw_cap,8,1960-07-31,-0.00934929421204066
usa,momentum,monthly,vw_cap,8,1960-08-31,0.0123157760204464
usa,momentum,monthly,vw_cap,8,1960-09-30,0.00573196129735976
usa,momentum,monthly,vw_cap,8,1960-10-31,0.0205061256142783
usa,momentum,monthly,vw_cap,8,1960-11-30,0.0168641379314472
usa,momentum,monthly,vw_cap,8,1960-12-31,0.00174503155344157
usa,momentum,monthly,vw_cap,8,1961-01-31,-0.0184539630651286
usa,momentum,monthly,vw_cap,8,1961-02-28,0.00124140673805079
usa,momentum,monthly,vw_cap,8,1961-03-31,0.010139271146468
usa,momentum,monthly,vw_cap,8,1961-04-30,0.0224041466174767
usa,momentum,monthly,vw_cap,8,1961-05-31,-0.0172774322895767
usa,momentum,monthly,vw_cap,8,1961-06-30,0.0017599748709727
usa,momentum,monthly,vw_cap,8,1961-07-31,-0.00457023116421492
usa,momentum,monthly,vw_cap,8,1961-08-31,0.0137927332007139
usa,momentum,monthly,vw_cap,8,1961-09-30,0.0141358709083327
usa,momentum,monthly,vw_cap,8,1961-10-31,0.0183182640884792
usa,momentum,monthly,vw_cap,8,1961-11-30,0.00678793129905294
usa,momentum,monthly,vw_cap,8,1961-12-31,-0.037274030834132
usa,momentum,monthly,vw_cap,8,1962-01-31,-0.0162005717405374
usa,momentum,monthly,vw_cap,8,1962-02-28,0.0057028505264928
usa,momentum,monthly,vw_cap,8,1962-03-31,0.0109916474535637
usa,momentum,monthly,vw_cap,8,1962-04-30,0.0124519692323848
usa,momentum,monthly,vw_cap,8,1962-05-31,-0.00607269053433377
usa,momentum,monthly,vw_cap,8,1962-06-30,0.0515622412377598
usa,momentum,monthly,vw_cap,8,1962-07-31,-0.00837959770925075
usa,momentum,monthly,vw_cap,8,1962-08-31,-0.00825711333113623
usa,momentum,monthly,vw_cap,8,1962-09-30,0.0237297064223615
usa,momentum,monthly,vw_cap,8,1962-10-31,0.0044851436132674
usa,momentum,monthly,vw_cap,8,1962-11-30,-0.0546284368950557
usa,momentum,monthly,vw_cap,8,1962-12-31,0.0306096817312756
usa,momentum,monthly,vw_cap,8,1963-01-31,-0.0122748550817544
usa,momentum,monthly,vw_cap,8,1963-02-28,0.00885818845110194
usa,momentum,monthly,vw_cap,8,1963-03-31,0.0104311263335959
usa,momentum,monthly,vw_cap,8,1963-04-30,0.0101950340223357
usa,momentum,monthly,vw_cap,8,1963-05-31,0.00523029545338188
usa,momentum,monthly,vw_cap,8,1963-06-30,-0.0014406074241491
usa,momentum,monthly,vw_cap,8,1963-07-31,0.00509471883491831
usa,momentum,monthly,vw_cap,8,1963-08-31,0.0135891234836217
usa,momentum,monthly,vw_cap,8,1963-09-30,-0.00434178753136596
usa,momentum,monthly,vw_cap,8,1963-10-31,0.020400139481455
usa,momentum,monthly,vw_cap,8,1963-11-30,-0.00410490881277936
usa,momentum,monthly,vw_cap,8,1963-12-31,0.0129544692897491
usa,momentum,monthly,vw_cap,8,1964-01-31,0.0117863778062435
usa,momentum,monthly,vw_cap,8,1964-02-29,0.00402217633506279
usa,momentum,monthly,vw_cap,8,1964-03-31,0.0150822665880767
usa,momentum,monthly,vw_cap,8,1964-04-30,-0.00984181853761985
usa,momentum,monthly,vw_cap,8,1964-05-31,0.0109998314169394
usa,momentum,monthly,vw_cap,8,1964-06-30,-0.00224756480259699
usa,momentum,monthly,vw_cap,8,1964-07-31,-0.00783994806931767
usa,momentum,monthly,vw_cap,8,1964-08-31,-0.00316149198601474
usa,momentum,monthly,vw_cap,8,1964-09-30,-0.00318878071367071
usa,momentum,monthly,vw_cap,8,1964-10-31,0.00303523530122661
usa,momentum,monthly,vw_cap,8,1964-11-30,0.00293680998708048
usa,momentum,monthly,vw_cap,8,1964-12-31,-0.0032474157523855
usa,momentum,monthly,vw_cap,8,1965-01-31,-0.00385680152966097
usa,momentum,monthly,vw_cap,8,1965-02-28,0.00567927899680618
usa,momentum,monthly,vw_cap,8,1965-03-31,0.00133120668316603
usa,momentum,monthly,vw_cap,8,1965-04-30,0.0183689557716922
usa,momentum,monthly,vw_cap,8,1965-05-31,0.0107237958291598
usa,momentum,monthly,vw_cap,8,1965-06-30,-0.026265764264524
usa,momentum,monthly,vw_cap,8,1965-07-31,0.0262357176887357
usa,momentum,monthly,vw_cap,8,1965-08-31,0.010463851227927
usa,momentum,monthly,vw_cap,8,1965-09-30,0.0221650048965278
usa,momentum,monthly,vw_cap,8,1965-10-31,0.02755267953509
usa,momentum,monthly,vw_cap,8,1965-11-30,0.0453744973416599
usa,momentum,monthly,vw_cap,8,1965-12-31,0.000180581607929525
usa,momentum,monthly,vw_cap,8,1966-01-31,0.0430205165974889
usa,momentum,monthly,vw_cap,8,1966-02-28,0.0478903613448355
usa,momentum,monthly,vw_cap,8,1966-03-31,0.0055807033033198
usa,momentum,monthly,vw_cap,8,1966-04-30,0.0318435101786655
usa,momentum,monthly,vw_cap,8,1966-05-31,-0.0439697389854645
usa,momentum,monthly,vw_cap,8,1966-06-30,0.0248033580457267
usa,momentum,monthly,vw_cap,8,1966-07-31,-0.000494235533428796
usa,momentum,monthly,vw_cap,8,1966-08-31,-0.0118972543446201
usa,momentum,monthly,vw_cap,8,1966-09-30,0.0105284740144895
usa,momentum,monthly,vw_cap,8,1966-10-31,-0.0240323677688557
usa,momentum,monthly,vw_cap,8,1966-11-30,-0.00354016288970745
usa,momentum,monthly,vw_cap,8,1966-12-31,-0.00414567300608533
usa,momentum,monthly,vw_cap,8,1967-01-31,-0.06659269659714
usa,momentum,monthly,vw_cap,8,1967-02-28,0.009085251666842
usa,momentum,monthly,vw_cap,8,1967-03-31,0.0152716016556651
usa,momentum,monthly,vw_cap,8,1967-04-30,0.0132970320564475
usa,momentum,monthly,vw_cap,8,1967-05-31,-0.00474426405719339
usa,momentum,monthly,vw_cap,8,1967-06-30,0.0338912493991024
usa,momentum,monthly,vw_cap,8,1967-07-31,0.00898045486431442
usa,momentum,monthly,vw_cap,8,1967-08-31,-0.00804049149459383
usa,momentum,monthly,vw_cap,8,1967-09-30,0.0196410926155582
usa,momentum,monthly,vw_cap,8,1967-10-31,0.0282447507713605
usa,momentum,monthly,vw_cap,8,1967-11-30,-0.0000337603951027596
usa,momentum,monthly,vw_cap,8,1967-12-31,0.0166874506778745
usa,momentum,monthly,vw_cap,8,1968-01-31,-0.0150044174888214
usa,momentum,monthly,vw_cap,8,1968-02-29,-0.0195891810056498
usa,momentum,monthly,vw_cap,8,1968-03-31,0.00100624330261184
usa,momentum,monthly,vw_cap,8,1968-04-30,0.0102663593780995
usa,momentum,monthly,vw_cap,8,1968-05-31,0.0174126586036405
usa,momentum,monthly,vw_cap,8,1968-06-30,-0.0145287377208976
usa,momentum,monthly,vw_cap,8,1968-07-31,0.00709506154491102
usa,momentum,monthly,vw_cap,8,1968-08-31,0.0145106701592915
usa,momentum,monthly,vw_cap,8,1968-09-30,-0.0000753801583808769
usa,momentum,monthly,vw_cap,8,1968-10-31,0.00387234976891657
usa,momentum,monthly,vw_cap,8,1968-11-30,-0.00396084213748919
usa,momentum,monthly,vw_cap,8,1968-12-31,-0.00470434981565706
usa,momentum,monthly,vw_cap,8,1969-01-31,-0.00334713465833336
usa,momentum,monthly,vw_cap,8,1969-02-28,-0.0193284722795529
usa,momentum,monthly,vw_cap,8,1969-03-31,0.0164631746845229
usa,momentum,monthly,vw_cap,8,1969-04-30,0.0108904391587836
usa,momentum,monthly,vw_cap,8,1969-05-31,0.0138982945747366
usa,momentum,monthly,vw_cap,8,1969-06-30,0.00119010737861204
usa,momentum,monthly,vw_cap,8,1969-07-31,0.0161774768094621
usa,momentum,monthly,vw_cap,8,1969-08-31,0.0125544371416774
usa,momentum,monthly,vw_cap,8,1969-09-30,0.0186140325454132
usa,momentum,monthly,vw_cap,8,1969-10-31,-0.0113583449449385
usa,momentum,monthly,vw_cap,8,1969-11-30,0.0250984646787396
usa,momentum,monthly,vw_cap,8,1969-12-31,0.0449324562205743
usa,momentum,monthly,vw_cap,8,1970-01-31,0.00482584877036364
usa,momentum,monthly,vw_cap,8,1970-02-28,0.00239439737532718
usa,momentum,monthly,vw_cap,8,1970-03-31,0.0000743828177261266
usa,momentum,monthly,vw_cap,8,1970-04-30,0.0164494830841995
usa,momentum,monthly,vw_cap,8,1970-05-31,0.0104620376146355
usa,momentum,monthly,vw_cap,8,1970-06-30,0.0624060679303069
usa,momentum,monthly,vw_cap,8,1970-07-31,-0.0200116971403854
usa,momentum,monthly,vw_cap,8,1970-08-31,-0.0517186315953914
usa,momentum,monthly,vw_cap,8,1970-09-30,-0.0756659711794114
usa,momentum,monthly,vw_cap,8,1970-10-31,0.0436777128483276
usa,momentum,monthly,vw_cap,8,1970-11-30,0.0133181954953177
usa,momentum,monthly,vw_cap,8,1970-12-31,-0.0242282661676053
usa,momentum,monthly,vw_cap,8,1971-01-31,-0.0398730877877239
usa,momentum,monthly,vw_cap,8,1971-02-28,0.0073813925449119
usa,momentum,monthly,vw_cap,8,1971-03-31,0.00361398816852944
usa,momentum,monthly,vw_cap,8,1971-04-30,0.0311944135160988
usa,momentum,monthly,vw_cap,8,1971-05-31,0.00730273097766215
usa,momentum,monthly,vw_cap,8,1971-06-30,0.00925969180721348
usa,momentum,monthly,vw_cap,8,1971-07-31,-0.014529111685991
usa,momentum,monthly,vw_cap,8,1971-08-31,0.0246130873397647
usa,momentum,monthly,vw_cap,8,1971-09-30,0.0228470654311358
usa,momentum,monthly,vw_cap,8,1971-10-31,0.00211489254867794
usa,momentum,monthly,vw_cap,8,1971-11-30,0.0111487575350592
usa,momentum,monthly,vw_cap,8,1971-12-31,-0.0166704160147217
usa,momentum,monthly,vw_cap,8,1972-01-31,0.000642206243073666
usa,momentum,monthly,vw_cap,8,1972-02-29,0.0189659649669914
usa,momentum,monthly,vw_cap,8,1972-03-31,0.00673812097748108
usa,momentum,monthly,vw_cap,8,1972-04-30,0.0133015728934684
usa,momentum,monthly,vw_cap,8,1972-05-31,0.0349591811928778
usa,momentum,monthly,vw_cap,8,1972-06-30,0.0184322192515262
usa,momentum,monthly,vw_cap,8,1972-07-31,0.0124688381065327
usa,momentum,monthly,vw_cap,8,1972-08-31,-0.0265122626008879
usa,momentum,monthly,vw_cap,8,1972-09-30,0.0173146100781871
usa,momentum,monthly,vw_cap,8,1972-10-31,0.00865344436470562
usa,momentum,monthly,vw_cap,8,1972-11-30,-0.0375306998092323
usa,momentum,monthly,vw_cap,8,1972-12-31,0.0364883975774102
usa,momentum,monthly,vw_cap,8,1973-01-31,0.0329357049057938
usa,momentum,monthly,vw_cap,8,1973-02-28,0.0228462274856611
usa,momentum,monthly,vw_cap,8,1973-03-31,0.0259178805364636
usa,momentum,monthly,vw_cap,8,1973-04-30,0.0523876862212151
usa,momentum,monthly,vw_cap,8,1973-05-31,0.0550056064102061
usa,momentum,monthly,vw_cap,8,1973-06-30,0.0294486051043087
usa,momentum,monthly,vw_cap,8,1973-07-31,-0.0845863657475913
usa,momentum,monthly,vw_cap,8,1973-08-31,0.0338627912038349
usa,momentum,monthly,vw_cap,8,1973-09-30,-0.0376574724127139
usa,momentum,monthly,vw_cap,8,1973-10-31,0.0457886172319599
usa,momentum,monthly,vw_cap,8,1973-11-30,0.0347410471249816
usa,momentum,monthly,vw_cap,8,1973-12-31,0.0665563586787316
usa,momentum,monthly,vw_cap,8,1974-01-31,-0.0715201142032931
usa,momentum,monthly,vw_cap,8,1974-02-28,0.00427537203547307
usa,momentum,monthly,vw_cap,8,1974-03-31,-0.0241642202686746
usa,momentum,monthly,vw_cap,8,1974-04-30,0.020823541688708
usa,momentum,monthly,vw_cap,8,1974-05-31,-0.0123356235248258
usa,momentum,monthly,vw_cap,8,1974-06-30,0.0225796004864204
usa,momentum,monthly,vw_cap,8,1974-07-31,0.00810575027709712
usa,momentum,monthly,vw_cap,8,1974-08-31,0.0155007296574558
usa,momentum,monthly,vw_cap,8,1974-09-30,0.00812556964661304
usa,momentum,monthly,vw_cap,8,1974-10-31,-0.0417834755949323
usa,momentum,monthly,vw_cap,8,1974-11-30,0.0210937953170459
usa,momentum,monthly,vw_cap,8,1974-12-31,0.0276676295002186
usa,momentum,monthly,vw_cap,8,1975-01-31,-0.146407007371039
usa,momentum,monthly,vw_cap,8,1975-02-28,-0.0239450561004804
usa,momentum,monthly,vw_cap,8,1975-03-31,-0.00355209198094816
usa,momentum,monthly,vw_cap,8,1975-04-30,-0.00702475426040337
usa,momentum,monthly,vw_cap,8,1975-05-31,-0.00411252143743595
usa,momentum,monthly,vw_cap,8,1975-06-30,-0.000583760730713701
usa,momentum,monthly,vw_cap,8,1975-07-31,-0.0113165365754647
usa,momentum,monthly,vw_cap,8,1975-08-31,0.000263316281825971
usa,momentum,monthly,vw_cap,8,1975-09-30,0.00878327002909032
usa,momentum,monthly,vw_cap,8,1975-10-31,0.00176277925968926
usa,momentum,monthly,vw_cap,8,1975-11-30,-0.00562376392949157
usa,momentum,monthly,vw_cap,8,1975-12-31,-0.00597362147629886
usa,momentum,monthly,vw_cap,8,1976-01-31,-0.0106474318615625
usa,momentum,monthly,vw_cap,8,1976-02-29,-0.00412427479932872
usa,momentum,monthly,vw_cap,8,1976-03-31,-0.000929764491574814
usa,momentum,monthly,vw_cap,8,1976-04-30,-0.00243638778100389
usa,momentum,monthly,vw_cap,8,1976-05-31,-0.00939975183294503
usa,momentum,monthly,vw_cap,8,1976-06-30,-0.0072066266950505
usa,momentum,monthly,vw_cap,8,1976-07-31,-0.00892836838719512
usa,momentum,monthly,vw_cap,8,1976-08-31,-0.0108727503740349
usa,momentum,monthly,vw_cap,8,1976-09-30,0.0044128269757994
usa,momentum,monthly,vw_cap,8,1976-10-31,0.0036921351059845
usa,momentum,monthly,vw_cap,8,1976-11-30,0.0129118186283888
usa,momentum,monthly,vw_cap,8,1976-12-31,-0.00601405904152968
usa,momentum,monthly,vw_cap,8,1977-01-31,0.0346495542677689
usa,momentum,monthly,vw_cap,8,1977-02-28,-0.0025136016927694
usa,momentum,monthly,vw_cap,8,1977-03-31,0.0017569829873001
usa,momentum,monthly,vw_cap,8,1977-04-30,0.0233713479640366
usa,momentum,monthly,vw_cap,8,1977-05-31,0.0113374265357893
usa,momentum,monthly,vw_cap,8,1977-06-30,0.00223848381030545
usa,momentum,monthly,vw_cap,8,1977-07-31,0.00492366470507959
usa,momentum,monthly,vw_cap,8,1977-08-31,-0.00851720000521315
usa,momentum,monthly,vw_cap,8,1977-09-30,0.0158354475693818
usa,momentum,monthly,vw_cap,8,1977-10-31,0.000527448560237416
usa,momentum,monthly,vw_cap,8,1977-11-30,0.00718350382933396
usa,momentum,monthly,vw_cap,8,1977-12-31,0.00797088167897148
usa,momentum,monthly,vw_cap,8,1978-01-31,-0.00246861102141562
usa,momentum,monthly,vw_cap,8,1978-02-28,0.0151030905684937
usa,momentum,monthly,vw_cap,8,1978-03-31,0.00897314357669348
usa,momentum,monthly,vw_cap,8,1978-04-30,-0.00436896743067485
usa,momentum,monthly,vw_cap,8,1978-05-31,0.0249642847190055
usa,momentum,monthly,vw_cap,8,1978-06-30,0.0111176967048418
usa,momentum,monthly,vw_cap,8,1978-07-31,0.0330913288246799
usa,momentum,monthly,vw_cap,8,1978-08-31,0.0237973681471419
usa,momentum,monthly,vw_cap,8,1978-09-30,-0.0224822170949739
usa,momentum,monthly,vw_cap,8,1978-10-31,-0.0562140416480074
usa,momentum,monthly,vw_cap,8,1978-11-30,0.014696854394105
usa,momentum,monthly,vw_cap,8,1978-12-31,0.0141097474941768
usa,momentum,monthly,vw_cap,8,1979-01-31,-0.0241045369476081
usa,momentum,monthly,vw_cap,8,1979-02-28,0.00458057287346872
usa,momentum,monthly,vw_cap,8,1979-03-31,0.0145973775412458
usa,momentum,monthly,vw_cap,8,1979-04-30,0.00493297151648618
usa,momentum,monthly,vw_cap,8,1979-05-31,0.000304763018038427
usa,momentum,monthly,vw_cap,8,1979-06-30,0.015905416273398
usa,momentum,monthly,vw_cap,8,1979-07-31,-0.0127770652775017
usa,momentum,monthly,vw_cap,8,1979-08-31,0.00188729782015633
usa,momentum,monthly,vw_cap,8,1979-09-30,0.0290744048399753
usa,momentum,monthly,vw_cap,8,1979-10-31,0.00857240465753371
usa,momentum,monthly,vw_cap,8,1979-11-30,0.04712743502006
usa,momentum,monthly,vw_cap,8,1979-12-31,0.0345100136556846
usa,momentum,monthly,vw_cap,8,1980-01-31,0.0649101082531485
usa,momentum,monthly,vw_cap,8,1980-02-29,0.0642494536845632
usa,momentum,monthly,vw_cap,8,1980-03-31,-0.099587111742238
usa,momentum,monthly,vw_cap,8,1980-04-30,-0.0162505194225305
usa,momentum,monthly,vw_cap,8,1980-05-31,-0.0191323155290148
usa,momentum,monthly,vw_cap,8,1980-06-30,0.0145600400914216
usa,momentum,monthly,vw_cap,8,1980-07-31,-0.00372971331266479
usa,momentum,monthly,vw_cap,8,1980-08-31,0.0134025948714621
usa,momentum,monthly,vw_cap,8,1980-09-30,0.0267178086026461
usa,momentum,monthly,vw_cap,8,1980-10-31,0.0376034566411097
usa,momentum,monthly,vw_cap,8,1980-11-30,0.0680881105788392
usa,momentum,monthly,vw_cap,8,1980-12-31,-0.0377173587563131
usa,momentum,monthly,vw_cap,8,1981-01-31,-0.0587758613360467
usa,momentum,monthly,vw_cap,8,1981-02-28,-0.00333844537965066
usa,momentum,monthly,vw_cap,8,1981-03-31,-0.0151860261276876
usa,momentum,monthly,vw_cap,8,1981-04-30,0.0109853498147094
usa,momentum,monthly,vw_cap,8,1981-05-31,0.0245492014311743
usa,momentum,monthly,vw_cap,8,1981-06-30,-0.0283366222598297
usa,momentum,monthly,vw_cap,8,1981-07-31,-0.0360927449137763
usa,momentum,monthly,vw_cap,8,1981-08-31,0.00205239631628723
usa,momentum,monthly,vw_cap,8,1981-09-30,0.0317289083065789
usa,momentum,monthly,vw_cap,8,1981-10-31,0.024635935454334
usa,momentum,monthly,vw_cap,8,1981-11-30,-0.0069332351557694
usa,momentum,monthly,vw_cap,8,1981-12-31,0.0014907189960205
usa,momentum,monthly,vw_cap,8,1982-01-31,0.0181699779350951
usa,momentum,monthly,vw_cap,8,1982-02-28,0.0451802176979442
usa,momentum,monthly,vw_cap,8,1982-03-31,0.0324522753385497
usa,momentum,monthly,vw_cap,8,1982-04-30,0.00707497089074565
usa,momentum,monthly,vw_cap,8,1982-05-31,0.0187861291183784
usa,momentum,monthly,vw_cap,8,1982-06-30,0.0541692638799456
usa,momentum,monthly,vw_cap,8,1982-07-31,0.0364391030219899
usa,momentum,monthly,vw_cap,8,1982-08-31,-0.0336381221631435
usa,momentum,monthly,vw_cap,8,1982-09-30,0.0233494721248086
usa,momentum,monthly,vw_cap,8,1982-10-31,-0.0116322248713792
usa,momentum,monthly,vw_cap,8,1982-11-30,0.0392820066175068
usa,momentum,monthly,vw_cap,8,1982-12-31,-0.010190016248038
usa,momentum,monthly,vw_cap,8,1983-01-31,-0.0179175050605517
usa,momentum,monthly,vw_cap,8,1983-02-28,0.0246492562186404
usa,momentum,monthly,vw_cap,8,1983-03-31,0.00399243148860746
usa,momentum,monthly,vw_cap,8,1983-04-30,0.0084390067558672
usa,momentum,monthly,vw_cap,8,1983-05-31,-0.0148463764399179
usa,momentum,monthly,vw_cap,8,1983-06-30,0.0111651598124494
usa,momentum,monthly,vw_cap,8,1983-07-31,-0.00850183081499336
usa,momentum,monthly,vw_cap,8,1983-08-31,-0.0279187429324776
usa,momentum,monthly,vw_cap,8,1983-09-30,-0.00956743067238103
usa,momentum,monthly,vw_cap,8,1983-10-31,-0.0193443253303744
usa,momentum,monthly,vw_cap,8,1983-11-30,-0.0111887163146344
usa,momentum,monthly,vw_cap,8,1983-12-31,0.00237837730329702
usa,momentum,monthly,vw_cap,8,1984-01-31,-0.00880602800255571
usa,momentum,monthly,vw_cap,8,1984-02-29,0.00457040243554186
usa,momentum,monthly,vw_cap,8,1984-03-31,0.0130330824986808
usa,momentum,monthly,vw_cap,8,1984-04-30,0.00777208616422212
usa,momentum,monthly,vw_cap,8,1984-05-31,-0.007426904831575
usa,momentum,monthly,vw_cap,8,1984-06-30,-0.00533971358311339
usa,momentum,monthly,vw_cap,8,1984-07-31,0.0151607645261003
usa,momentum,monthly,vw_cap,8,1984-08-31,-0.0388994190205464
usa,momentum,monthly,vw_cap,8,1984-09-30,0.0161007540557877
usa,momentum,monthly,vw_cap,8,1984-10-31,0.0174615909744957
usa,momentum,monthly,vw_cap,8,1984-11-30,0.0130226621072794
usa,momentum,monthly,vw_cap,8,1984-12-31,0.012303861063733
usa,momentum,monthly,vw_cap,8,1985-01-31,-0.0424220143261985
usa,momentum,monthly,vw_cap,8,1985-02-28,0.00566040828616767
usa,momentum,monthly,vw_cap,8,1985-03-31,0.000754391800545796
usa,momentum,monthly,vw_cap,8,1985-04-30,0.0209680927276021
usa,momentum,monthly,vw_cap,8,1985-05-31,0.0142747622555195
usa,momentum,monthly,vw_cap,8,1985-06-30,0.0210218870095303
usa,momentum,monthly,vw_cap,8,1985-07-31,-0.0385489589311882
usa,momentum,monthly,vw_cap,8,1985-08-31,0.0153804575293999
usa,momentum,monthly,vw_cap,8,1985-09-30,0.012930559663641
usa,momentum,monthly,vw_cap,8,1985-10-31,0.0214900445054194
usa,momentum,monthly,vw_cap,8,1985-11-30,-0.0041524212685865
usa,momentum,monthly,vw_cap,8,1985-12-31,-0.00229290490094787
usa,momentum,monthly,vw_cap,8,1986-01-31,0.0285459081637976
usa,momentum,monthly,vw_cap,8,1986-02-28,0.0191848838309158
usa,momentum,monthly,vw_cap,8,1986-03-31,0.0134432156756337
usa,momentum,monthly,vw_cap,8,1986-04-30,-0.0046101989935405
usa,momentum,monthly,vw_cap,8,1986-05-31,0.0148200670582488
usa,momentum,monthly,vw_cap,8,1986-06-30,0.0337667649329446
usa,momentum,monthly,vw_cap,8,1986-07-31,0.00765452170486215
usa,momentum,monthly,vw_cap,8,1986-08-31,-0.0370447307465107
usa,momentum,monthly,vw_cap,8,1986-09-30,-0.0368523095089933
usa,momentum,monthly,vw_cap,8,1986-10-31,0.00622861722745763
usa,momentum,monthly,vw_cap,8,1986-11-30,0.0016966716926097
usa,momentum,monthly,vw_cap,8,1986-12-31,0.000444727282493776
usa,momentum,monthly,vw_cap,8,1987-01-31,0.0203098593260999
usa,momentum,monthly,vw_cap,8,1987-02-28,-0.0178391460948106
usa,momentum,monthly,vw_cap,8,1987-03-31,0.0256431953486575
usa,momentum,monthly,vw_cap,8,1987-04-30,0.0296000230519891
usa,momentum,monthly,vw_cap,8,1987-05-31,0.00252181485733523
usa,momentum,monthly,vw_cap,8,1987-06-30,-0.0174737870685985
usa,momentum,monthly,vw_cap,8,1987-07-31,0.0422630386036822
usa,momentum,monthly,vw_cap,8,1987-08-31,-0.0242659595758206
usa,momentum,monthly,vw_cap,8,1987-09-30,0.0219848404543907
usa,momentum,monthly,vw_cap,8,1987-10-31,-0.0638804758146089
usa,momentum,monthly,vw_cap,8,1987-11-30,0.00705635828585282
usa,momentum,monthly,vw_cap,8,1987-12-31,0.013009747746733
usa,momentum,monthly,vw_cap,8,1988-01-31,-0.0572931794619406
usa,momentum,monthly,vw_cap,8,1988-02-29,-0.0208357102613641
usa,momentum,monthly,vw_cap,8,1988-03-31,-0.00211128481867961
usa,momentum,monthly,vw_cap,8,1988-04-30,0.00681915455462477
usa,momentum,monthly,vw_cap,8,1988-05-31,-0.00821931354267369
usa,momentum,monthly,vw_cap,8,1988-06-30,-0.0143159376045468
usa,momentum,monthly,vw_cap,8,1988-07-31,0.00402384468988561
usa,momentum,monthly,vw_cap,8,1988-08-31,-0.00952500944871831
usa,momentum,monthly,vw_cap,8,1988-09-30,0.000817702974549322
usa,momentum,monthly,vw_cap,8,1988-10-31,0.00689169123985928
usa,momentum,monthly,vw_cap,8,1988-11-30,0.00303066295095295
usa,momentum,monthly,vw_cap,8,1988-12-31,-0.00762471266458698
usa,momentum,monthly,vw_cap,8,1989-01-31,-0.0022485125929215
usa,momentum,monthly,vw_cap,8,1989-02-28,-0.000137837383902755
usa,momentum,monthly,vw_cap,8,1989-03-31,0.0213000280017089
usa,momentum,monthly,vw_cap,8,1989-04-30,0.0093094885255194
usa,momentum,monthly,vw_cap,8,1989-05-31,0.00436313862962131
usa,momentum,monthly,vw_cap,8,1989-06-30,0.00600854521752042
usa,momentum,monthly,vw_cap,8,1989-07-31,0.0291804506463745
usa,momentum,monthly,vw_cap,8,1989-08-31,-0.0167334471060047
usa,momentum,monthly,vw_cap,8,1989-09-30,0.0211579450566166
usa,momentum,monthly,vw_cap,8,1989-10-31,0.00831255337755925
usa,momentum,monthly,vw_cap,8,1989-11-30,0.0157917484015346
usa,momentum,monthly,vw_cap,8,1989-12-31,0.0109482973382363
usa,momentum,monthly,vw_cap,8,1990-01-31,0.00240180856839299
usa,momentum,monthly,vw_cap,8,1990-02-28,-0.00184606204578928
usa,momentum,monthly,vw_cap,8,1990-03-31,-0.00377902325629235
usa,momentum,monthly,vw_cap,8,1990-04-30,0.00706926584226531
usa,momentum,monthly,vw_cap,8,1990-05-31,0.0139785085993307
usa,momentum,monthly,vw_cap,8,1990-06-30,0.0169151253989942
usa,momentum,monthly,vw_cap,8,1990-07-31,0.0206825476744447
usa,momentum,monthly,vw_cap,8,1990-08-31,0.0076520707434536
usa,momentum,monthly,vw_cap,8,1990-09-30,0.0424599046165989
usa,momentum,monthly,vw_cap,8,1990-10-31,0.0455871510245915
usa,momentum,monthly,vw_cap,8,1990-11-30,-0.055499497181189
usa,momentum,monthly,vw_cap,8,1990-12-31,-0.0206003268608704
usa,momentum,monthly,vw_cap,8,1991-01-31,-0.0271420167982814
usa,momentum,monthly,vw_cap,8,1991-02-28,-0.0303310890584807
usa,momentum,monthly,vw_cap,8,1991-03-31,0.0306696041205087
usa,momentum,monthly,vw_cap,8,1991-04-30,-0.0111299992233718
usa,momentum,monthly,vw_cap,8,1991-05-31,0.00909780650105555
usa,momentum,monthly,vw_cap,8,1991-06-30,0.000921377426436329
usa,momentum,monthly,vw_cap,8,1991-07-31,0.0248691432815935
usa,momentum,monthly,vw_cap,8,1991-08-31,0.00799734906386319
usa,momentum,monthly,vw_cap,8,1991-09-30,0.0155008746224454
usa,momentum,monthly,vw_cap,8,1991-10-31,0.0113097260125652
usa,momentum,monthly,vw_cap,8,1991-11-30,0.00829861971338335
usa,momentum,monthly,vw_cap,8,1991-12-31,0.0345619910123984
usa,momentum,monthly,vw_cap,8,1992-01-31,-0.037685290539827
usa,momentum,monthly,vw_cap,8,1992-02-29,-0.0120100329707246
usa,momentum,monthly,vw_cap,8,1992-03-31,-0.00106236958870997
usa,momentum,monthly,vw_cap,8,1992-04-30,-0.0114912738619568
usa,momentum,monthly,vw_cap,8,1992-05-31,-0.00737091423856049
usa,momentum,monthly,vw_cap,8,1992-06-30,0.00402490305717274
usa,momentum,monthly,vw_cap,8,1992-07-31,-0.00254411603299701
usa,momentum,monthly,vw_cap,8,1992-08-31,-0.000476582104186028
usa,momentum,monthly,vw_cap,8,1992-09-30,0.0124897138485299
usa,momentum,monthly,vw_cap,8,1992-10-31,-0.00427085448842701
usa,momentum,monthly,vw_cap,8,1992-11-30,-0.0111490532673915
usa,momentum,monthly,vw_cap,8,1992-12-31,0.016004855804066
usa,momentum,monthly,vw_cap,8,1993-01-31,0.0191967427066802
usa,momentum,monthly,vw_cap,8,1993-02-28,0.00390667428110878
usa,momentum,monthly,vw_cap,8,1993-03-31,0.0218150265349531
usa,momentum,monthly,vw_cap,8,1993-04-30,0.00141355847284649
usa,momentum,monthly,vw_cap,8,1993-05-31,0.0017903930533844
usa,momentum,monthly,vw_cap,8,1993-06-30,0.0308522456828011
usa,momentum,monthly,vw_cap,8,1993-07-31,0.0229363940249502
usa,momentum,monthly,vw_cap,8,1993-08-31,0.0139006575242408
usa,momentum,monthly,vw_cap,8,1993-09-30,0.0212899401839264
usa,momentum,monthly,vw_cap,8,1993-10-31,-0.01702284752531
usa,momentum,monthly,vw_cap,8,1993-11-30,-0.0415258808489889
usa,momentum,monthly,vw_cap,8,1993-12-31,0.0122247639739091
usa,momentum,monthly,vw_cap,8,1994-01-31,0.000770938378049235
usa,momentum,monthly,vw_cap,8,1994-02-28,0.0074008454915029
usa,momentum,monthly,vw_cap,8,1994-03-31,-0.0146122937274543
usa,momentum,monthly,vw_cap,8,1994-04-30,-0.000732131287475017
usa,momentum,monthly,vw_cap,8,1994-05-31,-0.00200317215474636
usa,momentum,monthly,vw_cap,8,1994-06-30,-0.00240174758935805
usa,momentum,monthly,vw_cap,8,1994-07-31,-0.0029990497285976
usa,momentum,monthly,vw_cap,8,1994-08-31,0.000996926547325097
usa,momentum,monthly,vw_cap,8,1994-09-30,0.0101390618378736
usa,momentum,monthly,vw_cap,8,1994-10-31,0.00109342596463826
usa,momentum,monthly,vw_cap,8,1994-11-30,-0.00660440257583056
usa,momentum,monthly,vw_cap,8,1994-12-31,0.00962803392205881
usa,momentum,monthly,vw_cap,8,1995-01-31,-0.0146047839487351
usa,momentum,monthly,vw_cap,8,1995-02-28,-0.00488549232324716
usa,momentum,monthly,vw_cap,8,1995-03-31,-0.00390213206372848
usa,momentum,monthly,vw_cap,8,1995-04-30,0.00908903108507156
usa,momentum,monthly,vw_cap,8,1995-05-31,-0.00590087353591682
usa,momentum,monthly,vw_cap,8,1995-06-30,0.0142975218088396
usa,momentum,monthly,vw_cap,8,1995-07-31,0.0163218897446524
usa,momentum,monthly,vw_cap,8,1995-08-31,0.00145318640563766
usa,momentum,monthly,vw_cap,8,1995-09-30,0.0157256888976124
usa,momentum,monthly,vw_cap,8,1995-10-31,0.0142504857285635
usa,momentum,monthly,vw_cap,8,1995-11-30,-0.00880517130613017
usa,momentum,monthly,vw_cap,8,1995-12-31,0.0125787136675502
usa,momentum,monthly,vw_cap,8,1996-01-31,-0.00411887242376858
usa,momentum,monthly,vw_cap,8,1996-02-29,-0.00284599777127682
usa,momentum,monthly,vw_cap,8,1996-03-31,-0.00757784588031416
usa,momentum,monthly,vw_cap,8,1996-04-30,-0.0131807004616687
usa,momentum,monthly,vw_cap,8,1996-05-31,0.0164005857301937
usa,momentum,monthly,vw_cap,8,1996-06-30,0.00106108268058402
usa,momentum,monthly,vw_cap,8,1996-07-31,-0.00553056625617729
usa,momentum,monthly,vw_cap,8,1996-08-31,0.00175827694485555
usa,momentum,monthly,vw_cap,8,1996-09-30,0.0049127570315898
usa,momentum,monthly,vw_cap,8,1996-10-31,0.030440751354296
usa,momentum,monthly,vw_cap,8,1996-11-30,-0.0123542074005937
usa,momentum,monthly,vw_cap,8,1996-12-31,0.000323932948957333
usa,momentum,monthly,vw_cap,8,1997-01-31,0.0102610159457288
usa,momentum,monthly,vw_cap,8,1997-02-28,-0.00786924738181965
usa,momentum,monthly,vw_cap,8,1997-03-31,0.00985823150490574
usa,momentum,monthly,vw_cap,8,1997-04-30,0.0377506924620761
usa,momentum,monthly,vw_cap,8,1997-05-31,-0.0448985096585002
usa,momentum,monthly,vw_cap,8,1997-06-30,0.0108876365598378
usa,momentum,monthly,vw_cap,8,1997-07-31,0.0354152058925309
usa,momentum,monthly,vw_cap,8,1997-08-31,-0.0131521303757651
usa,momentum,monthly,vw_cap,8,1997-09-30,0.0149980356055273
usa,momentum,monthly,vw_cap,8,1997-10-31,-0.00624865459891542
usa,momentum,monthly,vw_cap,8,1997-11-30,-0.00691346009258728
usa,momentum,monthly,vw_cap,8,1997-12-31,0.0339160456955544
usa,momentum,monthly,vw_cap,8,1998-01-31,-0.00970463531802767
usa,momentum,monthly,vw_cap,8,1998-02-28,-0.00928393306724531
usa,momentum,monthly,vw_cap,8,1998-03-31,0.0149330625295105
usa,momentum,monthly,vw_cap,8,1998-04-30,-0.0045207458589255
usa,momentum,monthly,vw_cap,8,1998-05-31,0.019462647998336
usa,momentum,monthly,vw_cap,8,1998-06-30,0.0688792037376684
usa,momentum,monthly,vw_cap,8,1998-07-31,0.0352969966137259
usa,momentum,monthly,vw_cap,8,1998-08-31,0.0303105842518251
usa,momentum,monthly,vw_cap,8,1998-09-30,-0.00577053623297781
usa,momentum,monthly,vw_cap,8,1998-10-31,-0.0503028032220139
usa,momentum,monthly,vw_cap,8,1998-11-30,-0.0104428111658468
usa,momentum,monthly,vw_cap,8,1998-12-31,0.0736760193804898
usa,momentum,monthly,vw_cap,8,1999-01-31,0.0384038389179331
usa,momentum,monthly,vw_cap,8,1999-02-28,-0.016254131807246
usa,momentum,monthly,vw_cap,8,1999-03-31,0.0171883709373815
usa,momentum,monthly,vw_cap,8,1999-04-30,-0.0454031875238769
usa,momentum,monthly,vw_cap,8,1999-05-31,-0.0445192112626302
usa,momentum,monthly,vw_cap,8,1999-06-30,0.0320211211883222
usa,momentum,monthly,vw_cap,8,1999-07-31,0.0144939788786701
usa,momentum,monthly,vw_cap,8,1999-08-31,0.0311219389897886
usa,momentum,monthly,vw_cap,8,1999-09-30,0.0361125668218606
usa,momentum,monthly,vw_cap,8,1999-10-31,0.0298655841970345
usa,momentum,monthly,vw_cap,8,1999-11-30,0.0621266592574405
usa,momentum,monthly,vw_cap,8,1999-12-31,0.126999773864242
usa,momentum,monthly,vw_cap,8,2000-01-31,0.0284454734116671
usa,momentum,monthly,vw_cap,8,2000-02-29,0.231999478572952
usa,momentum,monthly,vw_cap,8,2000-03-31,-0.132738433022106
usa,momentum,monthly,vw_cap,8,2000-04-30,-0.076085396745418
usa,momentum,monthly,vw_cap,8,2000-05-31,-0.064314478751917
usa,momentum,monthly,vw_cap,8,2000-06-30,0.049517184964719
usa,momentum,monthly,vw_cap,8,2000-07-31,0.0017895101209379
usa,momentum,monthly,vw_cap,8,2000-08-31,0.0403375634637013
usa,momentum,monthly,vw_cap,8,2000-09-30,0.0444507436958595
usa,momentum,monthly,vw_cap,8,2000-10-31,-0.0147969150363707
usa,momentum,monthly,vw_cap,8,2000-11-30,0.0275815117433326
usa,momentum,monthly,vw_cap,8,2000-12-31,0.053156580714728
usa,momentum,monthly,vw_cap,8,2001-01-31,-0.222522847063798
usa,momentum,monthly,vw_cap,8,2001-02-28,0.167737025923727
usa,momentum,monthly,vw_cap,8,2001-03-31,0.0679722413645136
usa,momentum,monthly,vw_cap,8,2001-04-30,-0.0982925072737447
usa,momentum,monthly,vw_cap,8,2001-05-31,0.0325074794048772
usa,momentum,monthly,vw_cap,8,2001-06-30,0.0119744829741426
usa,momentum,monthly,vw_cap,8,2001-07-31,0.0456543312448834
usa,momentum,monthly,vw_cap,8,2001-08-31,0.0565294573340646
usa,momentum,monthly,vw_cap,8,2001-09-30,0.0741563850510797
usa,momentum,monthly,vw_cap,8,2001-10-31,-0.077665029600983
usa,momentum,monthly,vw_cap,8,2001-11-30,-0.078301041531072
usa,momentum,monthly,vw_cap,8,2001-12-31,-0.00633843773231926
usa,momentum,monthly,vw_cap,8,2002-01-31,0.0302348162958828
usa,momentum,monthly,vw_cap,8,2002-02-28,0.0338779066282542
usa,momentum,monthly,vw_cap,8,2002-03-31,-0.0380568104136734
usa,momentum,monthly,vw_cap,8,2002-04-30,0.0762590959470674
usa,momentum,monthly,vw_cap,8,2002-05-31,0.0265959436170682
usa,momentum,monthly,vw_cap,8,2002-06-30,0.0783309750130327
usa,momentum,monthly,vw_cap,8,2002-07-31,0.0207701951400963
usa,momentum,monthly,vw_cap,8,2002-08-31,0.00680641884152809
usa,momentum,monthly,vw_cap,8,2002-09-30,0.0722484549705387
usa,momentum,monthly,vw_cap,8,2002-10-31,-0.0583755651259376
usa,momentum,monthly,vw_cap,8,2002-11-30,-0.133680750670779
usa,momentum,monthly,vw_cap,8,2002-12-31,0.0458417798059423
usa,momentum,monthly,vw_cap,8,2003-01-31,0.0058354983636112
usa,momentum,monthly,vw_cap,8,2003-02-28,0.0147876697819497
usa,momentum,monthly,vw_cap,8,2003-03-31,0.00385124403268988
usa,momentum,monthly,vw_cap,8,2003-04-30,-0.0398551858975812
usa,momentum,monthly,vw_cap,8,2003-05-31,-0.019024387317384
usa,momentum,monthly,vw_cap,8,2003-06-30,-0.00083385669585025
usa,momentum,monthly,vw_cap,8,2003-07-31,-0.0083110606745714
usa,momentum,monthly,vw_cap,8,2003-08-31,0.00841997572545927
usa,momentum,monthly,vw_cap,8,2003-09-30,-0.00101749619316916
usa,momentum,monthly,vw_cap,8,2003-10-31,0.0317416924812672
usa,momentum,monthly,vw_cap,8,2003-11-30,0.00803689142828682
usa,momentum,monthly,vw_cap,8,2003-12-31,-0.0381404027834235
usa,momentum,monthly,vw_cap,8,2004-01-31,0.00661056670498532
usa,momentum,monthly,vw_cap,8,2004-02-29,-0.000465608341970191
usa,momentum,monthly,vw_cap,8,2004-03-31,0.00433571391517992
usa,momentum,monthly,vw_cap,8,2004-04-30,-0.0217366019429045
usa,momentum,monthly,vw_cap,8,2004-05-31,-0.00376717622858923
usa,momentum,monthly,vw_cap,8,2004-06-30,0.02280534076099
usa,momentum,monthly,vw_cap,8,2004-07-31,0.00575927328146533
usa,momentum,monthly,vw_cap,8,2004-08-31,-0.00679177359684029
usa,momentum,monthly,vw_cap,8,2004-09-30,0.0260615501630077
usa,momentum,monthly,vw_cap,8,2004-10-31,-0.0130638127260022
usa,momentum,monthly,vw_cap,8,2004-11-30,0.0144237490715616
usa,momentum,monthly,vw_cap,8,2004-12-31,-0.0218948851671638
usa,momentum,monthly,vw_cap,8,2005-01-31,0.0212886866666335
usa,momentum,monthly,vw_cap,8,2005-02-28,0.0238301052619556
usa,momentum,monthly,vw_cap,8,2005-03-31,0.0074124262551534
usa,momentum,monthly,vw_cap,8,2005-04-30,-0.00247665898068411
usa,momentum,monthly,vw_cap,8,2005-05-31,-0.00100683265624212
usa,momentum,monthly,vw_cap,8,2005-06-30,0.0196748421690969
usa,momentum,monthly,vw_cap,8,2005-07-31,-0.00464802672261813
usa,momentum,monthly,vw_cap,8,2005-08-31,0.0201716540304959
usa,momentum,monthly,vw_cap,8,2005-09-30,0.028393558469464
usa,momentum,monthly,vw_cap,8,2005-10-31,-0.0226766199150224
usa,momentum,monthly,vw_cap,8,2005-11-30,-0.00223827883104074
usa,momentum,monthly,vw_cap,8,2005-12-31,0.00793475883775919
usa,momentum,monthly,vw_cap,8,2006-01-31,0.0336682197529803
usa,momentum,monthly,vw_cap,8,2006-02-28,-0.0199951412266528
usa,momentum,monthly,vw_cap,8,2006-03-31,0.0185371108247985
usa,momentum,monthly,vw_cap,8,2006-04-30,0.0113157772711838
usa,momentum,monthly,vw_cap,8,2006-05-31,-0.016614791704896
usa,momentum,monthly,vw_cap,8,2006-06-30,0.00863849176548606
usa,momentum,monthly,vw_cap,8,2006-07-31,-0.0055672681533383
usa,momentum,monthly,vw_cap,8,2006-08-31,-0.0309018904143131
usa,momentum,monthly,vw_cap,8,2006-09-30,-0.0126857333818878
usa,momentum,monthly,vw_cap,8,2006-10-31,-0.0101281523140105
usa,momentum,monthly,vw_cap,8,2006-11-30,-0.0192783691074431
usa,momentum,monthly,vw_cap,8,2006-12-31,0.0115223143306484
usa,momentum,monthly,vw_cap,8,2007-01-31,0.000971713706996512
usa,momentum,monthly,vw_cap,8,2007-02-28,-0.0041448119856496
usa,momentum,monthly,vw_cap,8,2007-03-31,0.0114566150216803
usa,momentum,monthly,vw_cap,8,2007-04-30,-0.00225928022677569
usa,momentum,monthly,vw_cap,8,2007-05-31,0.00521593670935556
usa,momentum,monthly,vw_cap,8,2007-06-30,0.00758234677065743
usa,momentum,monthly,vw_cap,8,2007-07-31,0.0240802841872958
usa,momentum,monthly,vw_cap,8,2007-08-31,0.00431174828689432
usa,momentum,monthly,vw_cap,8,2007-09-30,0.0328048860123633
usa,momentum,monthly,vw_cap,8,2007-10-31,0.0333888414844914
usa,momentum,monthly,vw_cap,8,2007-11-30,0.0212011101011449
usa,momentum,monthly,vw_cap,8,2007-12-31,0.0441034446249915
usa,momentum,monthly,vw_cap,8,2008-01-31,-0.044921393722133
usa,momentum,monthly,vw_cap,8,2008-02-29,0.0498738591931573
usa,momentum,monthly,vw_cap,8,2008-03-31,0.0189780180476557
usa,momentum,monthly,vw_cap,8,2008-04-30,-0.000716891632821066
usa,momentum,monthly,vw_cap,8,2008-05-31,0.0185321480791718
usa,momentum,monthly,vw_cap,8,2008-06-30,0.0981827437100864
usa,momentum,monthly,vw_cap,8,2008-07-31,-0.0598802039772223
usa,momentum,monthly,vw_cap,8,2008-08-31,-0.0434440230821137
usa,momentum,monthly,vw_cap,8,2008-09-30,0.0224035195971546
usa,momentum,monthly,vw_cap,8,2008-10-31,0.0592823609679831
usa,momentum,monthly,vw_cap,8,2008-11-30,0.0407056534255422
usa,momentum,monthly,vw_cap,8,2008-12-31,-0.0407317811422218
usa,momentum,monthly,vw_cap,8,2009-01-31,-0.0142854479366596
usa,momentum,monthly,vw_cap,8,2009-02-28,0.0147875170219697
usa,momentum,monthly,vw_cap,8,2009-03-31,-0.0578489352032512
usa,momentum,monthly,vw_cap,8,2009-04-30,-0.201906881863494
usa,momentum,monthly,vw_cap,8,2009-05-31,-0.0855236218729876
usa,momentum,monthly,vw_cap,8,2009-06-30,0.0125760267724482
usa,momentum,monthly,vw_cap,8,2009-07-31,-0.0156080325932604
usa,momentum,monthly,vw_cap,8,2009-08-31,-0.0259166877339088
usa,momentum,monthly,vw_cap,8,2009-09-30,-0.000993341551640333
usa,momentum,monthly,vw_cap,8,2009-10-31,-0.0120430840231313
usa,momentum,monthly,vw_cap,8,2009-11-30,0.0139438266868717
usa,momentum,monthly,vw_cap,8,2009-12-31,0.00310621393246606
usa,momentum,monthly,vw_cap,8,2010-01-31,-0.0244880090687373
usa,momentum,monthly,vw_cap,8,2010-02-28,0.0187646355086536
usa,momentum,monthly,vw_cap,8,2010-03-31,0.00231663540027198
usa,momentum,monthly,vw_cap,8,2010-04-30,0.00193784837019933
usa,momentum,monthly,vw_cap,8,2010-05-31,0.00332265835599191
usa,momentum,monthly,vw_cap,8,2010-06-30,-0.00917131262244483
usa,momentum,monthly,vw_cap,8,2010-07-31,-0.00946035208197092
usa,momentum,monthly,vw_cap,8,2010-08-31,0.0188917817094224
usa,momentum,monthly,vw_cap,8,2010-09-30,-0.0181921937264471
usa,momentum,monthly,vw_cap,8,2010-10-31,0.00753444074762061
usa,momentum,monthly,vw_cap,8,2010-11-30,0.0145266873104151
usa,momentum,monthly,vw_cap,8,2010-12-31,-0.0263347115440871
usa,momentum,monthly,vw_cap,8,2011-01-31,-0.0125593085560409
usa,momentum,monthly,vw_cap,8,2011-02-28,0.0116391823598913
usa,momentum,monthly,vw_cap,8,2011-03-31,0.0100280578325541
usa,momentum,monthly,vw_cap,8,2011-04-30,-0.00681622974668561
usa,momentum,monthly,vw_cap,8,2011-05-31,-0.0097287457224762
usa,momentum,monthly,vw_cap,8,2011-06-30,0.0149206666960404
usa,momentum,monthly,vw_cap,8,2011-07-31,0.00755028961286538
usa,momentum,monthly,vw_cap,8,2011-08-31,0.011232076514157
usa,momentum,monthly,vw_cap,8,2011-09-30,0.0184587213467699
usa,momentum,monthly,vw_cap,8,2011-10-31,-0.0615236251420711
usa,momentum,monthly,vw_cap,8,2011-11-30,0.0240276328939259
usa,momentum,monthly,vw_cap,8,2011-12-31,0.0189872551397011
usa,momentum,monthly,vw_cap,8,2012-01-31,-0.0605035664521537
usa,momentum,monthly,vw_cap,8,2012-02-29,-0.0165133764777622
usa,momentum,monthly,vw_cap,8,2012-03-31,0.0214812290760314
usa,momentum,monthly,vw_cap,8,2012-04-30,0.0188040092834869
usa,momentum,monthly,vw_cap,8,2012-05-31,0.0352481991404575
usa,momentum,monthly,vw_cap,8,2012-06-30,-0.00452812593694299
usa,momentum,monthly,vw_cap,8,2012-07-31,0.00521125614765931
usa,momentum,monthly,vw_cap,8,2012-08-31,-0.0189108897838673
usa,momentum,monthly,vw_cap,8,2012-09-30,-0.00734262493107154
usa,momentum,monthly,vw_cap,8,2012-10-31,0.00356315043338737
usa,momentum,monthly,vw_cap,8,2012-11-30,-0.000434242323611391
usa,momentum,monthly,vw_cap,8,2012-12-31,-0.0147642306592628
usa,momentum,monthly,vw_cap,8,2013-01-31,-0.0026263844872507
usa,momentum,monthly,vw_cap,8,2013-02-28,0.0148774386483425
usa,momentum,monthly,vw_cap,8,2013-03-31,0.0103911202419945
usa,momentum,monthly,vw_cap,8,2013-04-30,-0.000441383664609076
usa,momentum,monthly,vw_cap,8,2013-05-31,-0.000493953535619852
usa,momentum,monthly,vw_cap,8,2013-06-30,0.0121301572612549
usa,momentum,monthly,vw_cap,8,2013-07-31,0.00736926044244341
usa,momentum,monthly,vw_cap,8,2013-08-31,-0.00528487913753757
usa,momentum,monthly,vw_cap,8,2013-09-30,0.0170728182994311
usa,momentum,monthly,vw_cap,8,2013-10-31,-0.0027007225607615
usa,momentum,monthly,vw_cap,8,2013-11-30,0.00799220641633619
usa,momentum,monthly,vw_cap,8,2013-12-31,0.00292641397805513
usa,momentum,monthly,vw_cap,8,2014-01-31,0.0023238206714463
usa,momentum,monthly,vw_cap,8,2014-02-28,0.0126329154216183
usa,momentum,monthly,vw_cap,8,2014-03-31,-0.0178530545705067
usa,momentum,monthly,vw_cap,8,2014-04-30,-0.0209208687531535
usa,momentum,monthly,vw_cap,8,2014-05-31,0.00722111360694878
usa,momentum,monthly,vw_cap,8,2014-06-30,-0.00197340409235284
usa,momentum,monthly,vw_cap,8,2014-07-31,-0.00465447987143031
usa,momentum,monthly,vw_cap,8,2014-08-31,0.00215574897104619
usa,momentum,monthly,vw_cap,8,2014-09-30,0.0066938932797071
usa,momentum,monthly,vw_cap,8,2014-10-31,-0.00729929622419801
usa,momentum,monthly,vw_cap,8,2014-11-30,0.0286536751364563
usa,momentum,monthly,vw_cap,8,2014-12-31,0.0162728269724945
usa,momentum,monthly,vw_cap,8,2015-01-31,0.0283462448384281
usa,momentum,monthly,vw_cap,8,2015-02-28,-0.0277425017687925
usa,momentum,monthly,vw_cap,8,2015-03-31,0.0250948161977585
usa,momentum,monthly,vw_cap,8,2015-04-30,-0.060480148958366
usa,momentum,monthly,vw_cap,8,2015-05-31,0.0446943479149752
usa,momentum,monthly,vw_cap,8,2015-06-30,0.0200165745106546
usa,momentum,monthly,vw_cap,8,2015-07-31,0.0362426755012861
usa,momentum,monthly,vw_cap,8,2015-08-31,-0.00887110601308726
usa,momentum,monthly,vw_cap,8,2015-09-30,0.0374142490633672
usa,momentum,monthly,vw_cap,8,2015-10-31,-0.0344152064204291
usa,momentum,monthly,vw_cap,8,2015-11-30,0.0110101402172032
usa,momentum,monthly,vw_cap,8,2015-12-31,0.0226043661628743
usa,momentum,monthly,vw_cap,8,2016-01-31,0.0131286787081986
usa,momentum,monthly,vw_cap,8,2016-02-29,-0.024648116533925
usa,momentum,monthly,vw_cap,8,2016-03-31,-0.0313181074309035
usa,momentum,monthly,vw_cap,8,2016-04-30,-0.0403402756869593
usa,momentum,monthly,vw_cap,8,2016-05-31,0.00561259416721871
usa,momentum,monthly,vw_cap,8,2016-06-30,0.049632662473766
usa,momentum,monthly,vw_cap,8,2016-07-31,-0.0259904975343374
usa,momentum,monthly,vw_cap,8,2016-08-31,-0.0281774130265746
usa,momentum,monthly,vw_cap,8,2016-09-30,0.00535663417508302
usa,momentum,monthly,vw_cap,8,2016-10-31,-0.0115592020853535
usa,momentum,monthly,vw_cap,8,2016-11-30,-0.000719518360340643
usa,momentum,monthly,vw_cap,8,2016-12-31,-0.00646598139024668
usa,momentum,monthly,vw_cap,8,2017-01-31,-0.00758238989698314
usa,momentum,monthly,vw_cap,8,2017-02-28,-0.00840067257430592
usa,momentum,monthly,vw_cap,8,2017-03-31,-0.00173765486040169
usa,momentum,monthly,vw_cap,8,2017-04-30,0.00491693699751917
usa,momentum,monthly,vw_cap,8,2017-05-31,0.0174647513602954
usa,momentum,monthly,vw_cap,8,2017-06-30,-0.00849804915963499
usa,momentum,monthly,vw_cap,8,2017-07-31,0.0113674996927205
usa,momentum,monthly,vw_cap,8,2017-08-31,0.0277496578290584
usa,momentum,monthly,vw_cap,8,2017-09-30,-0.0135195332998891
usa,momentum,monthly,vw_cap,8,2017-10-31,0.0360377769376132
usa,momentum,monthly,vw_cap,8,2017-11-30,-0.00558110061147137
usa,momentum,monthly,vw_cap,8,2017-12-31,-0.0166453727559776
usa,momentum,monthly,vw_cap,8,2018-01-31,0.0138466121505994
usa,momentum,monthly,vw_cap,8,2018-02-28,0.0101225042190287
usa,momentum,monthly,vw_cap,8,2018-03-31,-0.00568595463705923
usa,momentum,monthly,vw_cap,8,2018-04-30,-0.00567782825972764
usa,momentum,monthly,vw_cap,8,2018-05-31,0.026442509322962
usa,momentum,monthly,vw_cap,8,2018-06-30,-0.0113646509826811
usa,momentum,monthly,vw_cap,8,2018-07-31,-0.0148075776711486
usa,momentum,monthly,vw_cap,8,2018-08-31,0.0418701395764238
usa,momentum,monthly,vw_cap,8,2018-09-30,0.0106997737792499
usa,momentum,monthly,vw_cap,8,2018-10-31,-0.00971523374481862
usa,momentum,monthly,vw_cap,8,2018-11-30,-0.010127780214795
usa,momentum,monthly,vw_cap,8,2018-12-31,0.0172020107175297
usa,momentum,monthly,vw_cap,8,2019-01-31,-0.0521959100649158
usa,momentum,monthly,vw_cap,8,2019-02-28,0.00236600711861783
usa,momentum,monthly,vw_cap,8,2019-03-31,0.0204403944262735
usa,momentum,monthly,vw_cap,8,2019-04-30,-0.0134823360949993
usa,momentum,monthly,vw_cap,8,2019-05-31,0.0646384662623107
usa,momentum,monthly,vw_cap,8,2019-06-30,-0.0206922444879557
usa,momentum,monthly,vw_cap,8,2019-07-31,0.0144093360037831
usa,momentum,monthly,vw_cap,8,2019-08-31,0.0724636091074633
usa,momentum,monthly,vw_cap,8,2019-09-30,-0.0459917514364231
usa,momentum,monthly,vw_cap,8,2019-10-31,-0.00757999256229155
usa,momentum,monthly,vw_cap,8,2019-11-30,-0.024886812320954
usa,momentum,monthly,vw_cap,8,2019-12-31,-0.0142427192290436
usa,momentum,monthly,vw_cap,8,2020-01-31,0.0276582408703383
usa,momentum,monthly,vw_cap,8,2020-02-29,0.00482453213762124
usa,momentum,monthly,vw_cap,8,2020-03-31,0.056105515084473
usa,momentum,monthly,vw_cap,8,2020-04-30,-0.0456391765056596
usa,momentum,monthly,vw_cap,8,2020-05-31,0.0253279707930833
usa,momentum,monthly,vw_cap,8,2020-06-30,-0.00388547273630807
usa,momentum,monthly,vw_cap,8,2020-07-31,0.05601871573482
usa,momentum,monthly,vw_cap,8,2020-08-31,-0.00953086302831347
usa,momentum,monthly,vw_cap,8,2020-09-30,0.0228444892671006
usa,momentum,monthly,vw_cap,8,2020-10-31,-0.0251161255161869
usa,momentum,monthly,vw_cap,8,2020-11-30,-0.0619456544105927
usa,momentum,monthly,vw_cap,8,2020-12-31,-0.00634788149787073
usa,momentum,monthly,vw_cap,8,2021-01-31,0.0196595062213742
usa,momentum,monthly,vw_cap,8,2021-02-28,0.0208681592995122
usa,momentum,monthly,vw_cap,8,2021-03-31,-0.0381511118148293
usa,momentum,monthly,vw_cap,8,2021-04-30,-0.00491666558739689
usa,momentum,monthly,vw_cap,8,2021-05-31,0.0207776765226664
usa,momentum,monthly,vw_cap,8,2021-06-30,-0.0266035883646431
usa,momentum,monthly,vw_cap,8,2021-07-31,-0.00630210624400425
usa,momentum,monthly,vw_cap,8,2021-08-31,0.016324222684624
usa,momentum,monthly,vw_cap,8,2021-09-30,0.00139077718602687
usa,momentum,monthly,vw_cap,8,2021-10-31,0.0257159551935125
usa,momentum,monthly,vw_cap,8,2021-11-30,0.021531577639681
usa,momentum,monthly,vw_cap,8,2021-12-31,-0.00679110249826754
usa,momentum,monthly,vw_cap,8,2022-01-31,-0.00693574149402941
usa,momentum,monthly,vw_cap,8,2022-02-28,0.0119396829180552
usa,momentum,monthly,vw_cap,8,2022-03-31,0.0297747401673533
usa,momentum,monthly,vw_cap,8,2022-04-30,0.0538234254384599
usa,momentum,monthly,vw_cap,8,2022-05-31,0.0296561534257095
usa,momentum,monthly,vw_cap,8,2022-06-30,0.0118452044712721
usa,momentum,monthly,vw_cap,8,2022-07-31,-0.046205970265291
usa,momentum,monthly,vw_cap,8,2022-08-31,0.0243767638459875
usa,momentum,monthly,vw_cap,8,2022-09-30,0.0309010508011221
usa,momentum,monthly,vw_cap,8,2022-10-31,0.0296136003159189
usa,momentum,monthly,vw_cap,8,2022-11-30,-0.0192762480330707
usa,momentum,monthly,vw_cap,8,2022-12-31,0.0164087447796899
usa,momentum,monthly,vw_cap,8,2023-01-31,-0.0894941190931629
usa,momentum,monthly,vw_cap,8,2023-02-28,0.0115058216970402
usa,momentum,monthly,vw_cap,8,2023-03-31,0.0147543152560647
usa,momentum,monthly,vw_cap,8,2023-04-30,0.000583429386728526
usa,momentum,monthly,vw_cap,8,2023-05-31,0.0111443480014298
usa,momentum,monthly,vw_cap,8,2023-06-30,0.00038938758892354
usa,momentum,monthly,vw_cap,8,2023-07-31,-0.0332566023539148
usa,momentum,monthly,vw_cap,8,2023-08-31,0.0190052281479593
usa,momentum,monthly,vw_cap,8,2023-09-30,0.00153641880859505
usa,momentum,monthly,vw_cap,8,2023-10-31,0.00274418471733405
usa,momentum,monthly,vw_cap,8,2023-11-30,0.0117266641959427
usa,momentum,monthly,vw_cap,8,2023-12-31,-0.0477310695144038
usa,momentum,monthly,vw_cap,8,2024-01-31,0.0392164189288641
usa,momentum,monthly,vw_cap,8,2024-02-29,0.0339790484552093
usa,momentum,monthly,vw_cap,8,2024-03-31,-0.000979975932829278
usa,momentum,monthly,vw_cap,8,2024-04-30,-0.0082207964751701
usa,momentum,monthly,vw_cap,8,2024-05-31,0.00983707523785348
usa,momentum,monthly,vw_cap,8,2024-06-30,-0.00125335870829706
usa,momentum,monthly,vw_cap,8,2024-07-31,-0.0176341844158491
usa,momentum,monthly,vw_cap,8,2024-08-31,0.0214841829146844
usa,momentum,monthly,vw_cap,8,2024-09-30,0.00937734682989392
usa,momentum,monthly,vw_cap,8,2024-10-31,0.0191680015442532
usa,momentum,monthly,vw_cap,8,2024-11-30,0.0134547681865747
usa,momentum,monthly,vw_cap,8,2024-12-31,-0.00774433459994384
